,id,label
count,1324.0,1324.0
mean,662.5,0.3466767371601209
std,382.35018852704474,0.4760915592845551
min,1.0,0.0
25%,331.75,0.0
50%,662.5,0.0
75%,993.25,1.0
max,1324.0,1.0
