,id,label,length,words,words_not_stopword,avg_word_length,commas
count,11916.0,11916.0,11916.0,11916.0,11916.0,11916.0,11916.0
mean,5958.5,0.3307317891910037,118.79464585431353,23.430681436723734,14.641993957703928,4.649273209881226,0.09155756965424638
std,3439.9972383709846,0.47049638690217144,81.99127334422901,15.36216513840256,9.873580877642093,1.0426157010556532,0.5025416467466487
min,1.0,0.0,7.0,3.0,2.0,0.5921052631578947,0.0
25%,2979.75,0.0,51.0,11.0,7.0,4.0,0.0
50%,5958.5,0.0,97.0,19.0,12.0,4.666666666666667,0.0
75%,8937.25,1.0,175.0,33.0,20.0,5.3076923076923075,0.0
max,11916.0,1.0,524.0,104.0,82.0,21.25,8.0
