,id,label,length,words,words_not_stopword,avg_word_length,commas
count,860.0,860.0,860.0,860.0,860.0,860.0,860.0
mean,430.5,0.27906976744186046,136.99883720930234,25.519767441860466,16.045348837209303,5.289564777666468,0.6186046511627907
std,248.40491138461815,0.4488029036773143,74.84763723443557,13.885724529052371,8.176261914853871,1.3483891681305122,1.243798271107496
min,1.0,0.0,10.0,2.0,2.0,1.3333333333333333,0.0
25%,215.75,0.0,73.0,14.0,9.0,4.5,0.0
50%,430.5,0.0,127.0,23.0,15.0,5.169540229885058,0.0
75%,645.25,1.0,200.25,36.0,23.0,6.0,1.0
max,860.0,1.0,299.0,65.0,43.0,16.5,17.0
